{"cameraMode":{"drawMode":0,"name":"Shaded","section":"Shading Mode"},"sceneLighting":false,"audioPlay":false,"sceneViewState":{"m_AlwaysRefresh":false,"showFog":true,"showSkybox":false,"showFlares":true,"showImageEffects":true,"showParticleSystems":true,"showVisualEffectGraphs":true,"m_FxEnabled":true},"in2DMode":false,"pivot":{"x":0.32375192642211916,"y":5.19090461730957,"z":0.27581167221069338},"rotation":{"x":0.44553112983703616,"y":-0.17185184359550477,"z":0.08773554116487503,"w":0.8743113875389099},"size":10.085442543029786,"orthographic":false}