{"cameraMode":{"drawMode":0,"name":"Shaded","section":"Shading Mode"},"sceneLighting":false,"audioPlay":false,"sceneViewState":{"m_AlwaysRefresh":false,"showFog":true,"showSkybox":true,"showFlares":true,"showImageEffects":true,"showParticleSystems":true,"showVisualEffectGraphs":true,"m_FxEnabled":true},"in2DMode":false,"pivot":{"x":449.96612548828127,"y":145.8890838623047,"z":225.71932983398438},"rotation":{"x":0.19290563464164735,"y":0.7291931509971619,"z":-0.22810612618923188,"w":0.6159632205963135},"size":0.8660253882408142,"orthographic":false}