{"cameraMode":{"drawMode":0,"name":"Shaded","section":"Shading Mode"},"sceneLighting":false,"audioPlay":false,"sceneViewState":{"m_AlwaysRefresh":false,"showFog":true,"showSkybox":false,"showFlares":true,"showImageEffects":true,"showParticleSystems":true,"showVisualEffectGraphs":true,"m_FxEnabled":true},"in2DMode":false,"pivot":{"x":-0.6240510940551758,"y":1.9548077583312989,"z":-1.238612174987793},"rotation":{"x":0.44553112983703616,"y":-0.17185184359550477,"z":0.08773554116487503,"w":0.8743113875389099},"size":9.483489990234375,"orthographic":false}