{"cameraMode":{"drawMode":0,"name":"Shaded","section":"Shading Mode"},"sceneLighting":false,"audioPlay":false,"sceneViewState":{"m_AlwaysRefresh":false,"showFog":true,"showSkybox":false,"showFlares":true,"showImageEffects":true,"showParticleSystems":true,"showVisualEffectGraphs":true,"m_FxEnabled":true},"in2DMode":false,"pivot":{"x":-0.37741994857788088,"y":0.02950119972229004,"z":-0.20786118507385255},"rotation":{"x":0.44553112983703616,"y":-0.17185184359550477,"z":0.08773554116487503,"w":0.8743113875389099},"size":3.951843023300171,"orthographic":false}